Jperez,hS6#8,Juan Pérez Rosales
Elopez,Ea@7!,Eugenio López Cardona
Agonzales,7iNxm,Andrea González Pérez
Mguitierrez,hS6#8,Manuel Gutiérrez Pérez
Mlopez,Ea@7!,Margarita López Correa
Mcruz,7iNxm,María del Carmen de la Cruz Martínez
Jmartinez,hS6#8,Juan Carlos Martínez López
Rcruz,Ea@7!,Roberto Cruz Pérez
Fsolis,7iNxm,Fernando Solís Perea
Dojeda,hS6#8,Daniel Ojeda Pérez
Dlopez,Ea@7!,Daniel López Correa
Bmartinez,7iNxm,Brenda Eugenia Martínez Pérez
Cvazquez,hS6#8,Claudia Guadalupe Vázquez Vázquez
Mperez,Ea@7!,María Pérez López
Lgonzales,7iNxm,Luz Elena González Martínez
Mguadaluoe,hS6#8,María Guadalupe Ramírez Castro
Ecabrera,Ea@7!,Ernestina Cabrera Ramírez
Cmunoz,7iNxm,Catalina Muñoz Pérez
Jgonzales,hS6#8,Juana Guadalupe González de la Cruz
Admin,Admin1,Elon Musk
diegoB,Lagatadelaiter#1,Diego Betanzos
